-- phpMyAdmin SQL Dump
-- version 5.0.4
-- https://www.phpmyadmin.net/
--
-- Host: 127.0.0.1
-- Generation Time: Jan 13, 2021 at 12:59 PM
-- Server version: 10.4.16-MariaDB
-- PHP Version: 7.4.12

SET SQL_MODE = "NO_AUTO_VALUE_ON_ZERO";
START TRANSACTION;
SET time_zone = "+00:00";


/*!40101 SET @OLD_CHARACTER_SET_CLIENT=@@CHARACTER_SET_CLIENT */;
/*!40101 SET @OLD_CHARACTER_SET_RESULTS=@@CHARACTER_SET_RESULTS */;
/*!40101 SET @OLD_COLLATION_CONNECTION=@@COLLATION_CONNECTION */;
/*!40101 SET NAMES utf8mb4 */;

--
-- Database: `restfulapi`
--

-- --------------------------------------------------------

--
-- Table structure for table `failed_jobs`
--

CREATE TABLE `failed_jobs` (
  `id` bigint(20) UNSIGNED NOT NULL,
  `uuid` varchar(255) COLLATE utf8mb4_unicode_ci NOT NULL,
  `connection` text COLLATE utf8mb4_unicode_ci NOT NULL,
  `queue` text COLLATE utf8mb4_unicode_ci NOT NULL,
  `payload` longtext COLLATE utf8mb4_unicode_ci NOT NULL,
  `exception` longtext COLLATE utf8mb4_unicode_ci NOT NULL,
  `failed_at` timestamp NOT NULL DEFAULT current_timestamp()
) ENGINE=InnoDB DEFAULT CHARSET=utf8mb4 COLLATE=utf8mb4_unicode_ci;

-- --------------------------------------------------------

--
-- Table structure for table `migrations`
--

CREATE TABLE `migrations` (
  `id` int(10) UNSIGNED NOT NULL,
  `migration` varchar(255) COLLATE utf8mb4_unicode_ci NOT NULL,
  `batch` int(11) NOT NULL
) ENGINE=InnoDB DEFAULT CHARSET=utf8mb4 COLLATE=utf8mb4_unicode_ci;

--
-- Dumping data for table `migrations`
--

INSERT INTO `migrations` (`id`, `migration`, `batch`) VALUES
(61, '2014_10_12_000000_create_users_table', 1),
(62, '2014_10_12_100000_create_password_resets_table', 1),
(63, '2016_06_01_000001_create_oauth_auth_codes_table', 1),
(64, '2016_06_01_000002_create_oauth_access_tokens_table', 1),
(65, '2016_06_01_000003_create_oauth_refresh_tokens_table', 1),
(66, '2016_06_01_000004_create_oauth_clients_table', 1),
(67, '2016_06_01_000005_create_oauth_personal_access_clients_table', 1),
(68, '2019_08_19_000000_create_failed_jobs_table', 1),
(69, '2021_01_11_222301_create_products_table', 1),
(70, '2021_01_11_222810_create_reviews_table', 1);

-- --------------------------------------------------------

--
-- Table structure for table `oauth_access_tokens`
--

CREATE TABLE `oauth_access_tokens` (
  `id` varchar(100) COLLATE utf8mb4_unicode_ci NOT NULL,
  `user_id` bigint(20) UNSIGNED DEFAULT NULL,
  `client_id` bigint(20) UNSIGNED NOT NULL,
  `name` varchar(255) COLLATE utf8mb4_unicode_ci DEFAULT NULL,
  `scopes` text COLLATE utf8mb4_unicode_ci DEFAULT NULL,
  `revoked` tinyint(1) NOT NULL,
  `created_at` timestamp NULL DEFAULT NULL,
  `updated_at` timestamp NULL DEFAULT NULL,
  `expires_at` datetime DEFAULT NULL
) ENGINE=InnoDB DEFAULT CHARSET=utf8mb4 COLLATE=utf8mb4_unicode_ci;

--
-- Dumping data for table `oauth_access_tokens`
--

INSERT INTO `oauth_access_tokens` (`id`, `user_id`, `client_id`, `name`, `scopes`, `revoked`, `created_at`, `updated_at`, `expires_at`) VALUES
('96cf69bf6ff89e361dd42579d0427cbcd4f85b140028eca487e79c0d8ec1d311fd9a7bbeb2daf6e3', 6, 2, NULL, '[]', 0, '2021-01-13 09:30:45', '2021-01-13 09:30:45', '2022-01-13 11:30:45');

-- --------------------------------------------------------

--
-- Table structure for table `oauth_auth_codes`
--

CREATE TABLE `oauth_auth_codes` (
  `id` varchar(100) COLLATE utf8mb4_unicode_ci NOT NULL,
  `user_id` bigint(20) UNSIGNED NOT NULL,
  `client_id` bigint(20) UNSIGNED NOT NULL,
  `scopes` text COLLATE utf8mb4_unicode_ci DEFAULT NULL,
  `revoked` tinyint(1) NOT NULL,
  `expires_at` datetime DEFAULT NULL
) ENGINE=InnoDB DEFAULT CHARSET=utf8mb4 COLLATE=utf8mb4_unicode_ci;

-- --------------------------------------------------------

--
-- Table structure for table `oauth_clients`
--

CREATE TABLE `oauth_clients` (
  `id` bigint(20) UNSIGNED NOT NULL,
  `user_id` bigint(20) UNSIGNED DEFAULT NULL,
  `name` varchar(255) COLLATE utf8mb4_unicode_ci NOT NULL,
  `secret` varchar(100) COLLATE utf8mb4_unicode_ci DEFAULT NULL,
  `provider` varchar(255) COLLATE utf8mb4_unicode_ci DEFAULT NULL,
  `redirect` text COLLATE utf8mb4_unicode_ci NOT NULL,
  `personal_access_client` tinyint(1) NOT NULL,
  `password_client` tinyint(1) NOT NULL,
  `revoked` tinyint(1) NOT NULL,
  `created_at` timestamp NULL DEFAULT NULL,
  `updated_at` timestamp NULL DEFAULT NULL
) ENGINE=InnoDB DEFAULT CHARSET=utf8mb4 COLLATE=utf8mb4_unicode_ci;

--
-- Dumping data for table `oauth_clients`
--

INSERT INTO `oauth_clients` (`id`, `user_id`, `name`, `secret`, `provider`, `redirect`, `personal_access_client`, `password_client`, `revoked`, `created_at`, `updated_at`) VALUES
(1, NULL, 'Laravel Personal Access Client', '5AmCz6wNXKm9Y3HIK6JzZbwoR7uYZU9KvkX96Hqr', NULL, 'http://localhost', 1, 0, 0, '2021-01-13 09:22:24', '2021-01-13 09:22:24'),
(2, NULL, 'Laravel Password Grant Client', '1RzkQn7xx0LrZfWAZhMUuZ532NqKyjLdiJ9mBwDC', 'users', 'http://localhost', 0, 1, 0, '2021-01-13 09:22:24', '2021-01-13 09:22:24');

-- --------------------------------------------------------

--
-- Table structure for table `oauth_personal_access_clients`
--

CREATE TABLE `oauth_personal_access_clients` (
  `id` bigint(20) UNSIGNED NOT NULL,
  `client_id` bigint(20) UNSIGNED NOT NULL,
  `created_at` timestamp NULL DEFAULT NULL,
  `updated_at` timestamp NULL DEFAULT NULL
) ENGINE=InnoDB DEFAULT CHARSET=utf8mb4 COLLATE=utf8mb4_unicode_ci;

--
-- Dumping data for table `oauth_personal_access_clients`
--

INSERT INTO `oauth_personal_access_clients` (`id`, `client_id`, `created_at`, `updated_at`) VALUES
(1, 1, '2021-01-13 09:22:24', '2021-01-13 09:22:24');

-- --------------------------------------------------------

--
-- Table structure for table `oauth_refresh_tokens`
--

CREATE TABLE `oauth_refresh_tokens` (
  `id` varchar(100) COLLATE utf8mb4_unicode_ci NOT NULL,
  `access_token_id` varchar(100) COLLATE utf8mb4_unicode_ci NOT NULL,
  `revoked` tinyint(1) NOT NULL,
  `expires_at` datetime DEFAULT NULL
) ENGINE=InnoDB DEFAULT CHARSET=utf8mb4 COLLATE=utf8mb4_unicode_ci;

--
-- Dumping data for table `oauth_refresh_tokens`
--

INSERT INTO `oauth_refresh_tokens` (`id`, `access_token_id`, `revoked`, `expires_at`) VALUES
('51dffab143abba67bc3f2464fb9a92d392e0f5baccb708b2530e35b4b8fe41eae7d52a8dbc25d5c9', '96cf69bf6ff89e361dd42579d0427cbcd4f85b140028eca487e79c0d8ec1d311fd9a7bbeb2daf6e3', 0, '2022-01-13 11:30:45');

-- --------------------------------------------------------

--
-- Table structure for table `password_resets`
--

CREATE TABLE `password_resets` (
  `email` varchar(255) COLLATE utf8mb4_unicode_ci NOT NULL,
  `token` varchar(255) COLLATE utf8mb4_unicode_ci NOT NULL,
  `created_at` timestamp NULL DEFAULT NULL
) ENGINE=InnoDB DEFAULT CHARSET=utf8mb4 COLLATE=utf8mb4_unicode_ci;

-- --------------------------------------------------------

--
-- Table structure for table `products`
--

CREATE TABLE `products` (
  `id` int(10) UNSIGNED NOT NULL,
  `user_id` int(10) UNSIGNED NOT NULL,
  `name` varchar(255) COLLATE utf8mb4_unicode_ci NOT NULL,
  `detail` text COLLATE utf8mb4_unicode_ci NOT NULL,
  `price` int(11) NOT NULL,
  `stock` int(11) NOT NULL,
  `discount` int(11) NOT NULL,
  `created_at` timestamp NULL DEFAULT NULL,
  `updated_at` timestamp NULL DEFAULT NULL
) ENGINE=InnoDB DEFAULT CHARSET=utf8mb4 COLLATE=utf8mb4_unicode_ci;

--
-- Dumping data for table `products`
--

INSERT INTO `products` (`id`, `user_id`, `name`, `detail`, `price`, `stock`, `discount`, `created_at`, `updated_at`) VALUES
(1, 2, 'inventore', 'Ipsum necessitatibus tempora quo ut quaerat mollitia doloremque. Voluptas quae et velit quia voluptatem esse. Dolore et alias molestiae impedit odio et.', 211, 9, 18, '2021-01-12 19:23:14', '2021-01-12 19:23:14'),
(2, 2, 'Iphone X', 'The best phone!', 700, 10, 20, '2021-01-12 19:23:14', '2021-01-13 09:33:20'),
(3, 2, 'commodi', 'Omnis nulla nihil autem earum natus veniam dolorem. Qui adipisci consectetur ea quas ut consectetur. Animi veniam sit ipsa accusamus laudantium et sed quisquam. Debitis voluptas sunt accusamus rem.', 703, 8, 2, '2021-01-12 19:23:14', '2021-01-12 19:23:14'),
(4, 1, 'suscipit', 'Nemo et consequatur sed architecto. Iusto quas consequatur dignissimos optio.', 995, 5, 13, '2021-01-12 19:23:14', '2021-01-12 19:23:14'),
(5, 4, 'eum', 'Culpa iure corporis a fuga nulla rerum est. Amet quia eveniet ad dolorum. In aut consectetur qui laboriosam aut expedita.', 259, 0, 17, '2021-01-12 19:23:14', '2021-01-12 19:23:14'),
(6, 4, 'laborum', 'Non qui possimus voluptate facere. Corporis sed nulla labore est minima quis tenetur quaerat. Molestiae consequatur officia sed magni voluptatem expedita repellendus quae. Corporis magnam vitae est. Et et voluptas voluptate eos sit voluptatem.', 147, 7, 8, '2021-01-12 19:23:14', '2021-01-12 19:23:14'),
(7, 4, 'exercitationem', 'Nisi qui et illum laboriosam. Aliquam distinctio voluptatem ut vel iste molestias voluptates. Perferendis eos ea mollitia sed enim aut consequatur.', 620, 5, 15, '2021-01-12 19:23:14', '2021-01-12 19:23:14'),
(8, 1, 'nobis', 'Deserunt dolore ut at. Vero non distinctio eum. Quia maxime consequatur ipsum occaecati vero ea.', 692, 7, 28, '2021-01-12 19:23:14', '2021-01-12 19:23:14'),
(9, 2, 'sunt', 'Eligendi labore nemo amet ipsa ducimus error. Amet velit aliquid eos veritatis. Occaecati molestiae ipsa omnis velit.', 562, 4, 12, '2021-01-12 19:23:14', '2021-01-12 19:23:14'),
(10, 3, 'et', 'Ut officiis eos placeat dolores libero optio. Molestiae sunt eos perspiciatis tempora ipsum qui. Possimus veniam voluptatem cumque ut. Suscipit amet quod facilis itaque ab accusamus exercitationem nemo.', 826, 2, 10, '2021-01-12 19:23:14', '2021-01-12 19:23:14'),
(11, 1, 'maiores', 'Ratione dolorem numquam quia quam aliquid. Et et non excepturi. Veniam ipsam voluptatem quia maxime vel. Vel neque delectus sed qui voluptate cum.', 274, 9, 9, '2021-01-12 19:23:14', '2021-01-12 19:23:14'),
(12, 3, 'accusamus', 'Sed sed cupiditate magnam consequatur inventore dolorem. Sunt enim fugit placeat et cum. Molestias provident est voluptates tenetur non. Ratione velit non qui ducimus iste id. Ut porro sed sit dolor soluta quis voluptatem.', 117, 2, 9, '2021-01-12 19:23:14', '2021-01-12 19:23:14'),
(13, 5, 'nulla', 'Nesciunt et in esse. Cum culpa et nesciunt natus iure. Et consequatur modi magni est velit. Natus distinctio fugiat et repellendus.', 538, 3, 11, '2021-01-12 19:23:14', '2021-01-12 19:23:14'),
(14, 4, 'omnis', 'Consequatur facere pariatur qui voluptas. Omnis voluptatem dolore sit laboriosam. Molestias aut velit nobis molestias ab asperiores. Nisi laboriosam et doloremque quas quia labore architecto. At nihil rerum qui minus consectetur placeat.', 262, 5, 13, '2021-01-12 19:23:14', '2021-01-12 19:23:14'),
(15, 2, 'illum', 'Quibusdam et unde consequatur necessitatibus ut quae cum assumenda. Nemo at modi odio assumenda aut veritatis similique. Ut distinctio dolorem occaecati est voluptas similique voluptatem.', 768, 3, 2, '2021-01-12 19:23:14', '2021-01-12 19:23:14'),
(16, 4, 'aut', 'Rerum corrupti voluptate voluptas sapiente. Illo omnis sed et recusandae eos culpa. Id provident esse vel ut delectus non.', 328, 8, 6, '2021-01-12 19:23:14', '2021-01-12 19:23:14'),
(17, 5, 'fugit', 'Eos assumenda qui in et. Deleniti itaque voluptatem cumque dolores et qui. Enim molestiae esse aliquid voluptatem voluptatem error qui. Quo repudiandae eaque labore earum enim. Harum voluptatum recusandae rerum perferendis.', 767, 8, 17, '2021-01-12 19:23:14', '2021-01-12 19:23:14'),
(18, 4, 'distinctio', 'Optio facere ex enim suscipit sit vel et. Nesciunt est eos ullam beatae. Excepturi aliquam et temporibus et placeat voluptas veniam. Aspernatur asperiores maxime fugiat nihil nisi.', 646, 3, 13, '2021-01-12 19:23:14', '2021-01-12 19:23:14'),
(19, 5, 'aperiam', 'Et sit eius doloribus aut magni sed repellat. Voluptate dolorem et dolore dolores est placeat. Ut architecto omnis esse. Sed perferendis exercitationem fuga autem alias.', 673, 5, 17, '2021-01-12 19:23:14', '2021-01-12 19:23:14'),
(20, 2, 'qui', 'Quas et odio sunt cum iste dignissimos. Consequatur illum quas possimus repudiandae doloribus assumenda. Assumenda excepturi dolorum vel ut.', 966, 2, 2, '2021-01-12 19:23:14', '2021-01-12 19:23:14'),
(21, 4, 'at', 'A mollitia et magnam voluptatum. Sapiente expedita voluptatem quis minus. Similique deserunt dolor voluptas. Eius doloremque assumenda cum deleniti mollitia.', 289, 7, 12, '2021-01-12 19:23:14', '2021-01-12 19:23:14'),
(22, 2, 'quo', 'Ab quae ipsam incidunt necessitatibus. Ex praesentium facere dolor numquam. Quis alias vel repellendus consequatur aut omnis illum.', 979, 4, 25, '2021-01-12 19:23:14', '2021-01-12 19:23:14'),
(23, 3, 'quaerat', 'Dolorem quisquam consectetur commodi ut ratione et repellat. Dolore tenetur blanditiis hic harum. Quia amet qui et temporibus.', 957, 3, 17, '2021-01-12 19:23:14', '2021-01-12 19:23:14'),
(24, 5, 'et', 'Error architecto quia qui eveniet quia adipisci. In id laudantium necessitatibus rerum sed sunt magni debitis. Veritatis et delectus enim rerum quisquam excepturi. Molestiae deserunt saepe itaque aut doloremque.', 582, 8, 19, '2021-01-12 19:23:14', '2021-01-12 19:23:14'),
(25, 5, 'nisi', 'In est eos laborum eligendi. Ex vitae sint qui et unde ea voluptas. Id voluptatem error et quo suscipit.', 621, 3, 9, '2021-01-12 19:23:14', '2021-01-12 19:23:14'),
(26, 5, 'enim', 'Totam et voluptas rerum ad voluptas reprehenderit dolores. Dolor aut hic labore aut in id consequatur. Facere sunt corporis ex voluptatum aut ducimus omnis. Ratione vero quaerat aliquid rerum necessitatibus. Aut officiis possimus exercitationem est necessitatibus.', 675, 0, 21, '2021-01-12 19:23:14', '2021-01-12 19:23:14'),
(27, 4, 'voluptatem', 'Unde et sunt quisquam et nihil quos. Dignissimos qui ut hic eos accusantium. Cupiditate libero minus voluptas quia laboriosam quisquam.', 801, 5, 4, '2021-01-12 19:23:14', '2021-01-12 19:23:14'),
(28, 5, 'tempora', 'Ipsa iure aspernatur mollitia omnis similique perferendis. Alias enim ut quidem consectetur aliquam. Neque rem corporis laboriosam harum voluptatem sed dicta. Quis voluptatum corporis officiis quo enim laborum.', 602, 7, 27, '2021-01-12 19:23:14', '2021-01-12 19:23:14'),
(29, 5, 'temporibus', 'Ex est sapiente molestias quia nulla. Ratione blanditiis non fuga explicabo in.', 799, 8, 4, '2021-01-12 19:23:14', '2021-01-12 19:23:14'),
(30, 5, 'ratione', 'Ut quas id blanditiis necessitatibus unde. Libero et ipsum itaque quia et ad consectetur sit. Consequatur quod harum quasi dicta eos non occaecati. Ab reiciendis non soluta odio.', 877, 4, 20, '2021-01-12 19:23:14', '2021-01-12 19:23:14'),
(31, 2, 'et', 'Pariatur illo voluptatem pariatur. Qui adipisci sunt sit quam quod deserunt. Quos in quibusdam dolor omnis. Odit magni vitae minus nobis dolor.', 846, 4, 22, '2021-01-12 19:23:14', '2021-01-12 19:23:14'),
(32, 4, 'quo', 'Cupiditate ullam occaecati qui impedit voluptatem nemo ut. Temporibus nostrum autem totam rerum. Explicabo aut sunt tempore nihil unde amet quod non. Libero est quam adipisci eveniet fugit.', 774, 6, 10, '2021-01-12 19:23:14', '2021-01-12 19:23:14'),
(33, 1, 'alias', 'Maxime a voluptatem commodi quis voluptatibus laudantium aut. Iste aperiam est nostrum doloribus laboriosam veniam voluptas veritatis. Pariatur et ad et illum nihil consequuntur ut. Nam error nemo nam sit.', 233, 7, 22, '2021-01-12 19:23:14', '2021-01-12 19:23:14'),
(34, 3, 'cupiditate', 'Occaecati sunt voluptatibus qui quia. Aperiam aut eum in atque iusto cum. Nesciunt iusto in atque labore sit delectus.', 452, 3, 15, '2021-01-12 19:23:14', '2021-01-12 19:23:14'),
(35, 5, 'velit', 'Impedit voluptatem voluptate ipsam aut tempora. Cupiditate alias dolorem id veniam incidunt mollitia animi fugit. Eaque dolores velit ut reprehenderit ut enim non. Cupiditate dolorem dicta vel voluptas.', 445, 8, 28, '2021-01-12 19:23:14', '2021-01-12 19:23:14'),
(36, 3, 'cum', 'Illo et eaque pariatur molestiae et. Doloribus velit aliquid iure libero perferendis. Fugit quo quas asperiores nihil quos asperiores. Odit rerum est amet laboriosam consequatur qui quia et.', 711, 4, 10, '2021-01-12 19:23:14', '2021-01-12 19:23:14'),
(37, 4, 'tempora', 'Nisi dolore adipisci aperiam dolore non possimus ipsum suscipit. Alias nisi aut beatae incidunt aut aut. Numquam est harum et aut.', 847, 6, 29, '2021-01-12 19:23:14', '2021-01-12 19:23:14'),
(38, 1, 'quis', 'Et at hic repellendus praesentium occaecati distinctio ut. Velit enim aut consequuntur est numquam.', 310, 0, 10, '2021-01-12 19:23:14', '2021-01-12 19:23:14'),
(39, 5, 'assumenda', 'Doloribus ut quo nihil aliquam aliquam. Porro recusandae facilis autem. Perferendis necessitatibus est distinctio similique.', 626, 7, 16, '2021-01-12 19:23:14', '2021-01-12 19:23:14'),
(40, 4, 'quisquam', 'Expedita dolor magnam harum in velit aspernatur. Natus ut quia similique ratione rerum libero. Fuga voluptas minus ut. Animi quidem mollitia et fugit. Ad qui et similique sequi eius et.', 493, 8, 7, '2021-01-12 19:23:14', '2021-01-12 19:23:14'),
(41, 3, 'odio', 'Est magnam rerum reprehenderit officiis quibusdam accusantium. Ut ducimus soluta magnam tenetur dolorem. Harum vel repudiandae totam voluptas voluptatem.', 364, 0, 24, '2021-01-12 19:23:14', '2021-01-12 19:23:14'),
(42, 1, 'dolores', 'Accusamus voluptatem voluptates aspernatur qui. Modi vel eaque eius quam. Iste occaecati vitae sunt fugit recusandae velit architecto. Totam quia et voluptatem quod.', 974, 5, 21, '2021-01-12 19:23:14', '2021-01-12 19:23:14'),
(43, 1, 'vitae', 'Tempora perferendis libero inventore aut laboriosam. Explicabo est iste quibusdam et praesentium quis reiciendis et. Non voluptas consequatur qui cupiditate et voluptas.', 307, 3, 9, '2021-01-12 19:23:14', '2021-01-12 19:23:14'),
(44, 2, 'praesentium', 'Eaque ratione eum quo nostrum iure. Ut porro dignissimos labore. Quia consequatur quis velit doloremque sit eum dolores.', 308, 0, 6, '2021-01-12 19:23:14', '2021-01-12 19:23:14'),
(45, 2, 'et', 'Fuga accusamus minus qui omnis. Et quia numquam quod reprehenderit dolor eos nostrum. Fuga accusantium facere in.', 695, 9, 17, '2021-01-12 19:23:14', '2021-01-12 19:23:14'),
(46, 2, 'qui', 'Corrupti iure dolorum aperiam rerum sit quis praesentium. Placeat impedit ratione voluptas non. Ex et ea omnis neque voluptatem mollitia. Magni dolorem provident quis esse maxime et enim.', 727, 0, 28, '2021-01-12 19:23:14', '2021-01-12 19:23:14'),
(47, 2, 'et', 'Repudiandae veniam dolorem eligendi occaecati nulla. Ad quidem odio voluptas. Perferendis a velit est qui rerum non. Architecto autem voluptas nihil et reprehenderit laboriosam sed.', 216, 9, 20, '2021-01-12 19:23:14', '2021-01-12 19:23:14'),
(48, 2, 'placeat', 'Libero in eum tempora voluptatem sed quidem. Consequatur quia eum sed dolor numquam velit est. Non sed eligendi omnis voluptas.', 594, 0, 25, '2021-01-12 19:23:14', '2021-01-12 19:23:14'),
(49, 2, 'rem', 'Perspiciatis quas esse eum iusto suscipit dolor. Sed est atque asperiores. Eaque repudiandae qui non consequuntur consequatur.', 425, 9, 11, '2021-01-12 19:23:14', '2021-01-12 19:23:14'),
(50, 1, 'illum', 'Qui vitae in est ea et eligendi nihil voluptatem. Accusantium a vel nostrum facere minima. Doloribus odio reiciendis perspiciatis et error aut eligendi.', 199, 3, 26, '2021-01-12 19:23:14', '2021-01-12 19:23:14');

-- --------------------------------------------------------

--
-- Table structure for table `reviews`
--

CREATE TABLE `reviews` (
  `id` int(10) UNSIGNED NOT NULL,
  `product_id` int(10) UNSIGNED NOT NULL,
  `customer` varchar(255) COLLATE utf8mb4_unicode_ci NOT NULL,
  `review` text COLLATE utf8mb4_unicode_ci NOT NULL,
  `star` int(11) NOT NULL,
  `created_at` timestamp NULL DEFAULT NULL,
  `updated_at` timestamp NULL DEFAULT NULL
) ENGINE=InnoDB DEFAULT CHARSET=utf8mb4 COLLATE=utf8mb4_unicode_ci;

--
-- Dumping data for table `reviews`
--

INSERT INTO `reviews` (`id`, `product_id`, `customer`, `review`, `star`, `created_at`, `updated_at`) VALUES
(1, 13, 'Prof. Nicola Pacocha', 'Quae aliquid consequatur tempore natus occaecati corporis. Porro voluptas sed corrupti nemo tempore eaque. Dolorem sed quos earum non ut itaque.', 1, '2021-01-12 19:23:14', '2021-01-12 19:23:14'),
(2, 45, 'Eleonore Beahan', 'Totam ipsa ullam officiis harum recusandae sunt quis. Deserunt quod quam sint est. Omnis doloribus est aut velit sit sit incidunt. Corrupti quis aliquid quaerat eos.', 0, '2021-01-12 19:23:14', '2021-01-12 19:23:14'),
(3, 46, 'Denis Adams', 'Labore neque ipsam non reprehenderit ut soluta perspiciatis rem. Totam consequuntur consequatur vero at. Deserunt iste saepe deleniti et voluptatem libero.', 4, '2021-01-12 19:23:14', '2021-01-12 19:23:14'),
(4, 25, 'Ericka Schmeler PhD', 'Qui atque beatae dicta aut illum rem qui. Praesentium dicta nisi repellendus dolor dolorum alias. Omnis ea voluptatem sit vero quia accusamus.', 3, '2021-01-12 19:23:14', '2021-01-12 19:23:14'),
(5, 17, 'Amos McGlynn', 'Quo odio voluptatem et et qui quia. Sit quos praesentium molestias nisi voluptas sapiente nesciunt. Optio odit ut assumenda.', 4, '2021-01-12 19:23:14', '2021-01-12 19:23:14'),
(6, 31, 'Dr. Logan Morissette', 'Autem numquam vel ratione harum esse. Illo ipsum inventore voluptate non. Sed quia quia fuga minima quo ad praesentium iste. Accusantium est quae voluptate nisi corrupti quam. Quae sed sint doloribus at consequatur officiis est.', 4, '2021-01-12 19:23:14', '2021-01-12 19:23:14'),
(7, 30, 'Marion Bosco', 'Atque ratione officiis quae. Aliquam consequatur sint atque tenetur maxime. Blanditiis alias qui suscipit quae. Autem modi eum sapiente tempora adipisci dolorem in.', 5, '2021-01-12 19:23:14', '2021-01-12 19:23:14'),
(8, 30, 'Pearlie Smith', 'Ad ullam quo vel non. Ut et provident hic quod similique dolorem tenetur. Voluptas non eum et magni voluptatem vero numquam. Excepturi velit excepturi alias.', 5, '2021-01-12 19:23:14', '2021-01-12 19:23:14'),
(9, 35, 'Loma Kovacek', 'Id et et sed natus. Et est maiores impedit ducimus architecto corporis quo dicta. Alias unde autem nobis beatae quibusdam non aut quibusdam.', 4, '2021-01-12 19:23:14', '2021-01-12 19:23:14'),
(10, 16, 'Prof. Mac Nitzsche DDS', 'Cum nihil totam assumenda quia debitis molestiae ex. Quos asperiores ad consequuntur a fuga. Ea esse quaerat dolores sit. Voluptatem aut quis sunt omnis.', 2, '2021-01-12 19:23:14', '2021-01-12 19:23:14'),
(11, 23, 'Ms. Dolores Barton', 'Modi soluta deleniti voluptatem atque. Molestias ipsa sunt ipsam aut culpa quia. Quia incidunt accusantium deleniti magni qui. Illo aperiam et laboriosam sint rerum.', 3, '2021-01-12 19:23:14', '2021-01-12 19:23:14'),
(12, 15, 'Prof. Martine Howell', 'Rerum sit quo et recusandae ut fuga. Vel dignissimos quidem non quam rerum. Dolores animi accusantium odit cum ut excepturi veniam. Iusto non molestias sit ullam rerum sint. Animi ut sunt possimus libero possimus.', 4, '2021-01-12 19:23:14', '2021-01-12 19:23:14'),
(13, 3, 'Abigail Bernhard', 'Aut sequi non aliquam voluptatum consequatur at. Non nihil consequuntur at nihil. Illo magnam quis aperiam amet magnam et nulla. Aut maiores aut culpa in quis adipisci commodi.', 4, '2021-01-12 19:23:14', '2021-01-12 19:23:14'),
(14, 8, 'Dean Jacobs', 'Nobis earum quia fugit aut molestias impedit. Similique pariatur sint amet ut dolor unde aut. Non numquam deleniti ipsam necessitatibus quo omnis consequuntur voluptatem.', 1, '2021-01-12 19:23:14', '2021-01-12 19:23:14'),
(15, 17, 'Mr. Kurt Kohler', 'Labore hic nulla aut repellendus libero. Ut fugit repudiandae qui non omnis. Porro exercitationem pariatur officiis laborum facere eum optio. Alias quaerat animi nemo tempore.', 4, '2021-01-12 19:23:14', '2021-01-12 19:23:14'),
(16, 40, 'Kristian Kuhic', 'Et eius in et voluptatibus. Neque consequatur eligendi totam eum nulla dolore. Beatae quisquam sapiente doloremque dolores pariatur eius.', 0, '2021-01-12 19:23:14', '2021-01-12 19:23:14'),
(17, 47, 'Amie Wisoky', 'Nulla qui aut libero sit blanditiis et. Veritatis cum rerum mollitia est est ut facilis corporis. Iusto ut quibusdam beatae quis non voluptatem quos. Sit architecto ut dicta sed.', 3, '2021-01-12 19:23:14', '2021-01-12 19:23:14'),
(18, 38, 'Leta Ernser', 'Aut molestiae laboriosam aut saepe necessitatibus nihil. Accusantium molestiae ut ducimus doloremque id et et.', 4, '2021-01-12 19:23:14', '2021-01-12 19:23:14'),
(19, 19, 'Nicole Lakin', 'Ab eos occaecati veniam reiciendis explicabo. Et cumque eos corrupti et non labore minus. Est error qui magnam error. Nihil reprehenderit distinctio fugit cumque earum officiis aut.', 2, '2021-01-12 19:23:14', '2021-01-12 19:23:14'),
(20, 26, 'Brian Gibson', 'Quas deleniti qui sit laboriosam sint impedit reiciendis et. Ea officiis quis occaecati qui facere quia velit. Dolor qui rem deleniti. Sequi quibusdam assumenda magnam sit ut eveniet corrupti.', 1, '2021-01-12 19:23:14', '2021-01-12 19:23:14'),
(21, 44, 'Miss Theresa Will V', 'Et et odio maxime sunt. Ipsa impedit deleniti eos nulla similique voluptate deleniti adipisci. Reiciendis ut tempore quia dolor.', 0, '2021-01-12 19:23:14', '2021-01-12 19:23:14'),
(22, 40, 'Enrique Greenholt I', 'Beatae harum aut unde fugiat qui neque aliquam. Ut et rem consequatur nihil. Recusandae assumenda in vel dolores vitae ut est cupiditate. Porro velit error commodi consequatur.', 2, '2021-01-12 19:23:14', '2021-01-12 19:23:14'),
(23, 45, 'Thea Carroll', 'Quas aut sunt nam. Odio ullam nulla expedita beatae voluptates. Qui est veniam harum consequatur omnis voluptas sint.', 4, '2021-01-12 19:23:14', '2021-01-12 19:23:14'),
(24, 6, 'Wilburn Wolff', 'Voluptate est quam sed non deserunt blanditiis. Sed eos illo itaque adipisci.', 4, '2021-01-12 19:23:14', '2021-01-12 19:23:14'),
(25, 13, 'Prof. Jacinthe Cummings', 'Nesciunt cumque magnam provident consectetur. Itaque eius eum iusto. Expedita dolorem aut voluptatem excepturi nostrum est totam hic.', 2, '2021-01-12 19:23:14', '2021-01-12 19:23:14'),
(26, 39, 'Roxanne Predovic', 'Ut reprehenderit a quis eius. Quis at deserunt sunt eum similique unde quis blanditiis. Delectus nesciunt dolorum non exercitationem ullam. Et sed facilis nobis molestiae aut velit.', 2, '2021-01-12 19:23:14', '2021-01-12 19:23:14'),
(27, 33, 'Dina Jones', 'Minus voluptatibus eius amet at dicta. Hic harum vero et repellendus dolores a dolores eos. Ut rerum nihil unde dolores ut optio.', 2, '2021-01-12 19:23:14', '2021-01-12 19:23:14'),
(28, 36, 'Gay Feil', 'Assumenda voluptas quia corporis qui illo. Libero ullam doloremque et ut non saepe. Et autem vel et soluta.', 0, '2021-01-12 19:23:14', '2021-01-12 19:23:14'),
(29, 30, 'Delta Reilly', 'Quas molestiae impedit qui ad. Blanditiis omnis atque molestias veritatis.', 5, '2021-01-12 19:23:14', '2021-01-12 19:23:14'),
(30, 50, 'Rogers Heller', 'Optio debitis ex qui. Vel natus et aspernatur et culpa. Suscipit aut velit dolores dignissimos culpa libero. Dolorem molestias velit omnis voluptas enim.', 2, '2021-01-12 19:23:14', '2021-01-12 19:23:14'),
(31, 29, 'Dylan Wolf', 'Eos ea harum iste nostrum consequatur non amet. Illum voluptate et sit provident qui doloremque. Consequuntur quibusdam at occaecati.', 1, '2021-01-12 19:23:14', '2021-01-12 19:23:14'),
(32, 2, 'Mariah Green', 'Reprehenderit ad et animi nihil voluptas totam architecto quas. Molestiae veritatis est reiciendis ullam. Et porro doloribus quam quia laboriosam provident nihil. Aut libero voluptatem iure amet aut.', 4, '2021-01-12 19:23:14', '2021-01-12 19:23:14'),
(33, 44, 'Justus Wolf', 'Nesciunt voluptas cupiditate laborum esse. Itaque ducimus consequuntur laudantium vel cumque. Expedita error dolor nihil et quo laboriosam laborum.', 2, '2021-01-12 19:23:14', '2021-01-12 19:23:14'),
(34, 18, 'Filomena Mills', 'Eum a quo accusantium illum. Iure aut ea alias mollitia dolor. Eligendi velit et optio. Consequatur ut ut molestiae maiores laudantium minima.', 0, '2021-01-12 19:23:14', '2021-01-12 19:23:14'),
(35, 18, 'Emiliano Effertz', 'Consequatur ratione ut animi doloremque pariatur omnis. Autem asperiores asperiores possimus aut laborum provident velit deleniti. Ipsa architecto sit temporibus pariatur esse qui non.', 4, '2021-01-12 19:23:14', '2021-01-12 19:23:14'),
(36, 1, 'Stefanie Flatley', 'Facilis eos enim exercitationem harum necessitatibus adipisci. Dolores consequuntur totam voluptas deleniti aut officiis.', 0, '2021-01-12 19:23:14', '2021-01-12 19:23:14'),
(37, 16, 'Gennaro Heaney V', 'Commodi corporis placeat dolores. Cumque facere qui dolor pariatur. Quasi voluptatem animi et tempore tenetur.', 5, '2021-01-12 19:23:14', '2021-01-12 19:23:14'),
(38, 7, 'Rodger Rempel', 'Esse architecto qui est excepturi molestiae. Deleniti voluptas recusandae beatae et iure. Voluptatem consequuntur sunt velit eveniet qui sint. Quia rem omnis quia animi molestiae vero ea.', 5, '2021-01-12 19:23:14', '2021-01-12 19:23:14'),
(39, 33, 'Dr. Rowan Rath', 'Dolorum libero quia quas quia. Molestiae pariatur nostrum magnam. Voluptates unde qui laudantium omnis exercitationem temporibus. Dolores quos dolorum eos est accusantium. Animi nemo animi tempora accusantium.', 3, '2021-01-12 19:23:14', '2021-01-12 19:23:14'),
(40, 20, 'Zakary Gutmann', 'Voluptatem recusandae vel impedit. Odit corporis quibusdam sit animi aut ad consectetur. Qui laudantium asperiores totam.', 4, '2021-01-12 19:23:14', '2021-01-12 19:23:14'),
(41, 28, 'Prof. Domenica Schuppe', 'Maxime adipisci qui asperiores est adipisci officiis perspiciatis. Vel aspernatur repellat voluptate. Enim molestias cumque delectus in.', 4, '2021-01-12 19:23:14', '2021-01-12 19:23:14'),
(42, 41, 'Dr. Olen Konopelski', 'Voluptas sed voluptas sapiente quia alias aut molestiae. Dolor nostrum quia et nesciunt totam et. Ut non eum quos voluptates vero. Consequatur velit aperiam voluptatem voluptatibus quibusdam voluptatibus et.', 3, '2021-01-12 19:23:14', '2021-01-12 19:23:14'),
(43, 40, 'Lizeth Daniel', 'Nulla qui vitae blanditiis molestiae quos dolores dolorem voluptas. Iusto et quaerat quas. Rem laudantium quidem voluptas esse itaque perferendis nemo quos. A mollitia deleniti voluptas necessitatibus aliquid voluptatem vel.', 4, '2021-01-12 19:23:14', '2021-01-12 19:23:14'),
(44, 20, 'Ernest Beahan', 'Vel animi aliquam voluptas incidunt voluptates libero aliquid. Cumque et sit occaecati corporis molestiae expedita ipsum sed. Nobis quasi qui mollitia fugiat autem recusandae.', 2, '2021-01-12 19:23:15', '2021-01-12 19:23:15'),
(45, 28, 'Jane Dare', 'Quaerat quo quia rerum ut ut autem. Ipsa totam ab nemo tempora qui quaerat inventore. Vero nulla facere sint aut id. Ipsum minima quis sequi qui dolor maiores.', 0, '2021-01-12 19:23:15', '2021-01-12 19:23:15'),
(46, 50, 'Victor Kozey Jr.', 'Soluta et porro distinctio rerum quam aliquam. Officia repellat facere architecto totam suscipit culpa nihil. Sint qui placeat inventore autem sunt veniam eum.', 4, '2021-01-12 19:23:15', '2021-01-12 19:23:15'),
(47, 19, 'Stefan Toy', 'Commodi dolores voluptas ratione. Cum corrupti dolorem maxime facere omnis ullam accusantium. Minus voluptatem ut ullam qui adipisci autem ipsa aut.', 4, '2021-01-12 19:23:15', '2021-01-12 19:23:15'),
(48, 50, 'Lilla Mann', 'Vitae perspiciatis ad libero et perferendis vero libero. Nam laboriosam autem reprehenderit fuga.', 4, '2021-01-12 19:23:15', '2021-01-12 19:23:15'),
(49, 27, 'Ahmed Homenick', 'Ipsa aut in aliquam quod. Quibusdam officiis blanditiis at quod ad quam suscipit. Ab magnam est quia molestiae qui. Doloremque sit quae voluptas assumenda nemo.', 3, '2021-01-12 19:23:15', '2021-01-12 19:23:15'),
(50, 18, 'Mariela Walsh', 'Est deleniti qui eos non. Ullam cupiditate quo veritatis corrupti voluptatem. Accusamus laudantium nulla voluptatem quibusdam deleniti ea sapiente.', 1, '2021-01-12 19:23:15', '2021-01-12 19:23:15'),
(51, 7, 'Henderson Lockman', 'Soluta impedit sint voluptates occaecati id praesentium cupiditate. Unde quos a deleniti. Et quos nobis ut rerum sit.', 5, '2021-01-12 19:23:15', '2021-01-12 19:23:15'),
(52, 5, 'Jennings Kovacek', 'Et minus consequatur quae sit minus ex. Expedita eveniet aut distinctio suscipit. Sit impedit deserunt saepe dolor eum. Et blanditiis alias eaque odit excepturi earum labore eligendi. Aliquid omnis est vel velit laborum ut.', 0, '2021-01-12 19:23:15', '2021-01-12 19:23:15'),
(53, 21, 'Prof. Rebecca Yundt', 'Tempora nobis beatae quae aut incidunt libero. Atque veniam iusto vero sapiente quia. Laborum esse facilis hic suscipit ipsum illum rerum. Minus repellat exercitationem sapiente ut aut. Cumque harum perspiciatis reiciendis.', 4, '2021-01-12 19:23:15', '2021-01-12 19:23:15'),
(54, 3, 'Leilani Schamberger', 'Voluptatem ut voluptatem tempore aut et. Non ut quasi et in.', 0, '2021-01-12 19:23:15', '2021-01-12 19:23:15'),
(55, 21, 'Ramona Bradtke', 'Explicabo quas iusto eos reiciendis vel est. Quia optio exercitationem dolorum vel. Numquam fuga quia ipsum quasi provident sed illum. Odit soluta incidunt sint distinctio enim nesciunt delectus. Adipisci suscipit architecto corrupti laudantium id reprehenderit et.', 0, '2021-01-12 19:23:15', '2021-01-12 19:23:15'),
(56, 42, 'Hershel Mraz', 'Accusamus delectus eius consequuntur expedita accusantium. Odit voluptate quibusdam ut voluptatibus amet. Pariatur incidunt accusamus nobis maxime provident et id. Voluptatum libero ea voluptatem est hic deleniti doloribus.', 2, '2021-01-12 19:23:15', '2021-01-12 19:23:15'),
(57, 14, 'Gia Rempel', 'Ex provident saepe est dolorum. Necessitatibus velit in maxime quis. Dolor molestias nemo dolorem ut aut esse porro facere. Quibusdam eius repellat pariatur accusamus facilis omnis.', 5, '2021-01-12 19:23:15', '2021-01-12 19:23:15'),
(58, 35, 'Belle Lakin', 'Cum esse repellat non cupiditate tenetur. Accusantium ut sit rerum libero.', 5, '2021-01-12 19:23:15', '2021-01-12 19:23:15'),
(59, 17, 'Sydnee Nolan', 'Similique ut commodi quas modi recusandae dolorum neque aut. Amet tempora officiis exercitationem ut sequi. Veniam voluptates aspernatur vel ut assumenda officia. Molestias quis qui quo eum ut aliquid fugiat.', 1, '2021-01-12 19:23:15', '2021-01-12 19:23:15'),
(60, 39, 'Mrs. Susana Considine Jr.', 'Vitae sequi porro ea facere. Dolor non reiciendis ipsam dolorem. Omnis aliquid quidem maiores deserunt. Aspernatur est placeat corrupti quam odio dolore.', 0, '2021-01-12 19:23:15', '2021-01-12 19:23:15'),
(61, 31, 'Marquis Kuhic', 'Autem sequi enim asperiores eligendi repellat qui aut. Quas voluptatem non hic dolor quos optio. Expedita consequatur ipsam modi ut ad illum et. Aut omnis natus quia ut et.', 2, '2021-01-12 19:23:15', '2021-01-12 19:23:15'),
(62, 16, 'Claude Jacobi', 'Qui libero est tempore. Adipisci sequi occaecati sed expedita et quia delectus. Est quo aut illum molestiae inventore. Repellat molestiae consequatur corrupti sit magni.', 3, '2021-01-12 19:23:15', '2021-01-12 19:23:15'),
(63, 38, 'Emilia Ortiz', 'Quo aliquam pariatur minus quia. Doloremque eum aut sequi similique quod magnam porro. Tempore in dicta beatae impedit sed nesciunt.', 4, '2021-01-12 19:23:15', '2021-01-12 19:23:15'),
(64, 23, 'Prof. Hans Cummings', 'Placeat dolor ea dolorem repellat ut. Occaecati molestiae autem sed dolorem dolore est nesciunt sed. Saepe id accusantium ut odio et iste.', 0, '2021-01-12 19:23:15', '2021-01-12 19:23:15'),
(65, 16, 'Jayden Quitzon', 'Nobis veritatis culpa voluptas expedita. Earum dicta iste sit fuga laudantium ducimus. Qui possimus aliquam consequatur excepturi.', 0, '2021-01-12 19:23:15', '2021-01-12 19:23:15'),
(66, 25, 'Eriberto Heaney', 'Maiores quidem nobis in est hic. Et impedit consequatur explicabo sapiente eum repellendus. In sit cupiditate sit expedita dicta. Quisquam dolorem amet sit deleniti. Quo eaque animi praesentium dolore officiis qui quisquam.', 0, '2021-01-12 19:23:15', '2021-01-12 19:23:15'),
(67, 17, 'Wilton Champlin Jr.', 'Et est ducimus eius quis. Consequuntur fugit quod qui rerum. Nulla soluta illum doloribus laudantium enim.', 3, '2021-01-12 19:23:15', '2021-01-12 19:23:15'),
(68, 3, 'Hassan Collins', 'Maxime illum qui aut sed eos. Commodi molestias pariatur dicta distinctio quia consectetur debitis. Architecto facilis neque quae. Dolorem nihil hic aliquid rerum veniam dolores modi.', 1, '2021-01-12 19:23:15', '2021-01-12 19:23:15'),
(69, 29, 'Andres Howe', 'Est sunt est nesciunt molestiae velit. Deleniti est optio et est quisquam aut officia. Error ad similique nam aut quia impedit et aut. Quis rerum repudiandae quam magni quis minima ut.', 2, '2021-01-12 19:23:15', '2021-01-12 19:23:15'),
(70, 29, 'Lilian Kovacek', 'Corrupti est in soluta quod minus aperiam. Pariatur dolorum cupiditate recusandae quisquam dolores voluptas. Velit consequatur quasi dolore voluptatem. Quia at cupiditate voluptas quo sit sunt.', 4, '2021-01-12 19:23:15', '2021-01-12 19:23:15'),
(71, 29, 'Prof. Chase Hackett DDS', 'Aut neque consequuntur voluptas ut aspernatur dicta a. Placeat debitis voluptas dignissimos voluptates optio repellendus.', 4, '2021-01-12 19:23:15', '2021-01-12 19:23:15'),
(72, 29, 'Dr. Zoey Douglas', 'Porro pariatur et rerum necessitatibus. Minus rerum at eum sit sunt perspiciatis. Sapiente incidunt tenetur dolore eaque ut ipsum. In autem saepe aspernatur tempora.', 0, '2021-01-12 19:23:15', '2021-01-12 19:23:15'),
(73, 39, 'Monique Huels', 'Dolor unde delectus sed blanditiis deserunt. Reprehenderit quaerat aliquam adipisci doloribus. Sed dolorum suscipit nostrum. Nostrum omnis vel eos ullam necessitatibus voluptatum. Nesciunt qui est aspernatur delectus et quam voluptates aut.', 1, '2021-01-12 19:23:15', '2021-01-12 19:23:15'),
(74, 21, 'Domenick Oberbrunner', 'Sit odio ipsa aut dignissimos quisquam. Dignissimos cumque laudantium nam necessitatibus. Aperiam blanditiis optio blanditiis amet. Facere pariatur natus blanditiis vel.', 0, '2021-01-12 19:23:15', '2021-01-12 19:23:15'),
(75, 10, 'Dorothy Yost', 'Occaecati et et eius sit. Et doloremque quis repudiandae quisquam architecto. Velit est rerum animi autem cupiditate. Animi maiores aut sed qui soluta totam nostrum. Quas ut molestiae quia magni in vel quod.', 4, '2021-01-12 19:23:15', '2021-01-12 19:23:15'),
(76, 20, 'Kiel Bergstrom', 'Recusandae libero ut omnis placeat dicta consectetur. Tempora voluptatum sit in voluptatem earum. Inventore id aperiam exercitationem sit.', 4, '2021-01-12 19:23:15', '2021-01-12 19:23:15'),
(77, 40, 'Jonathon Abbott', 'Recusandae libero qui perspiciatis sapiente qui. Nihil corporis aspernatur occaecati eius. Aut sapiente voluptatem iusto et accusantium perspiciatis omnis repudiandae.', 2, '2021-01-12 19:23:15', '2021-01-12 19:23:15'),
(78, 29, 'Laurel Erdman MD', 'Ea provident et qui. Minus repellat velit dolores corrupti et. Vitae ea quis provident ut. Dolores aspernatur magni officiis harum magni.', 4, '2021-01-12 19:23:15', '2021-01-12 19:23:15'),
(79, 13, 'Mr. Orin Considine V', 'Deleniti velit aperiam eos impedit nostrum. Rerum voluptatum assumenda possimus voluptatem omnis. Veritatis ut quos nihil explicabo. Temporibus alias consequatur asperiores id dolores.', 5, '2021-01-12 19:23:15', '2021-01-12 19:23:15'),
(80, 9, 'Jean Muller', 'Omnis mollitia excepturi aut quasi dolorum iste cumque voluptas. Quidem repellat ad voluptatibus veniam voluptatem nostrum asperiores. At est aut enim nobis quo. Qui et quos voluptate suscipit in.', 0, '2021-01-12 19:23:15', '2021-01-12 19:23:15'),
(81, 23, 'Merlin Casper', 'Sit vel sit dolorem maiores laudantium. Sint eaque soluta qui culpa magni. Ad autem et vitae ut labore. Odit rerum voluptate quia neque id. Voluptas voluptas repellendus rem repudiandae.', 5, '2021-01-12 19:23:15', '2021-01-12 19:23:15'),
(82, 15, 'Prof. Tom Parisian III', 'Facere praesentium aut iusto eius atque facilis odit. Cum rerum voluptas ea explicabo nesciunt. Recusandae quis voluptas autem deleniti aut perspiciatis ducimus. Temporibus vel quia rem dolor perspiciatis dolores magnam. Aut adipisci incidunt reiciendis quia esse recusandae culpa consequatur.', 3, '2021-01-12 19:23:15', '2021-01-12 19:23:15'),
(83, 10, 'Adelbert Daniel', 'Id voluptatem enim atque quia quis officia. Doloribus voluptatibus qui eum occaecati voluptatem voluptas. Alias earum ex est sit eligendi praesentium nulla. Qui necessitatibus consectetur culpa non voluptas.', 4, '2021-01-12 19:23:15', '2021-01-12 19:23:15'),
(84, 1, 'Elenor Medhurst Jr.', 'Aut impedit et occaecati dolore. Optio adipisci odit soluta quisquam commodi sit omnis perferendis. Eos fugiat est iusto vel laboriosam ratione nemo.', 1, '2021-01-12 19:23:15', '2021-01-12 19:23:15'),
(85, 8, 'Roman Koch', 'Mollitia cumque iusto nam culpa eum. Aliquam cupiditate velit eum rem sit nihil. Labore exercitationem doloribus non unde et.', 3, '2021-01-12 19:23:15', '2021-01-12 19:23:15'),
(86, 17, 'Mrs. Kasey Mertz PhD', 'Qui nihil praesentium illo quisquam consequatur. Rerum dolorum natus laborum dicta laboriosam numquam voluptate. Sed perspiciatis adipisci et quas numquam.', 1, '2021-01-12 19:23:15', '2021-01-12 19:23:15'),
(87, 39, 'Brianne Wintheiser', 'Eveniet cumque qui beatae harum sint. Sunt dolore minus optio vel porro. Earum quidem nostrum commodi expedita.', 5, '2021-01-12 19:23:15', '2021-01-12 19:23:15'),
(88, 41, 'Anthony Conroy', 'Fugit officia explicabo veritatis quis. Consequuntur repellendus vitae tenetur. Consequatur quibusdam et voluptas aut ut sunt.', 4, '2021-01-12 19:23:15', '2021-01-12 19:23:15'),
(89, 11, 'Augustine Emard', 'Temporibus officiis voluptatem perferendis voluptatem voluptas. Vel et et enim voluptatem fuga molestias officia. Ducimus et voluptatum atque similique. Iusto nihil nisi incidunt quos sunt.', 5, '2021-01-12 19:23:15', '2021-01-12 19:23:15'),
(90, 29, 'Laurence Russel', 'Qui nisi aut incidunt dolores distinctio. Consequatur quis quibusdam at saepe. Est dolorum et voluptate architecto animi iusto. Tenetur animi modi alias porro dolorum esse occaecati.', 5, '2021-01-12 19:23:15', '2021-01-12 19:23:15'),
(91, 45, 'Billy Rolfson Jr.', 'Nulla consectetur nesciunt repellendus occaecati cupiditate. Iste laudantium nesciunt blanditiis voluptates possimus nam. Eum est reiciendis placeat.', 1, '2021-01-12 19:23:15', '2021-01-12 19:23:15'),
(92, 24, 'Kade Rippin', 'Nam odit illum et ullam omnis est facere beatae. Maiores laborum consequatur sit omnis reprehenderit rerum incidunt. Consequatur optio et mollitia possimus cupiditate. Sapiente et culpa quaerat porro sunt dolor exercitationem.', 2, '2021-01-12 19:23:15', '2021-01-12 19:23:15'),
(93, 21, 'Ms. Eunice Kuvalis Sr.', 'Aspernatur nisi sint dolor voluptas. Quia molestiae eos atque non est dolorum sed.', 4, '2021-01-12 19:23:15', '2021-01-12 19:23:15'),
(94, 47, 'Arjun Satterfield PhD', 'Aut voluptatem amet repellendus quo. Eveniet porro sit blanditiis aliquam facilis.', 1, '2021-01-12 19:23:15', '2021-01-12 19:23:15'),
(95, 50, 'Alexandria Price', 'Qui debitis et repellat sed unde ducimus nobis. Quia sequi hic unde sequi voluptatibus rem eum. Id quia repellendus minima eligendi mollitia voluptate voluptatem. Molestiae doloremque non natus cumque.', 5, '2021-01-12 19:23:15', '2021-01-12 19:23:15'),
(96, 14, 'Eliseo Thiel III', 'Modi aliquam quidem accusamus. Necessitatibus et aut magnam dolores. Quia rem expedita illo unde.', 0, '2021-01-12 19:23:15', '2021-01-12 19:23:15'),
(97, 22, 'Thurman Simonis', 'Officia consequuntur nisi veniam ratione esse alias nisi nulla. Porro provident autem quis aspernatur consequuntur officia. Aut exercitationem ut ex quod est. Ratione dolorem unde repellendus sed assumenda magnam.', 2, '2021-01-12 19:23:15', '2021-01-12 19:23:15'),
(98, 15, 'Vallie Dickinson', 'Incidunt libero cupiditate et nemo. Magni cupiditate mollitia quisquam ipsam at expedita rerum. Dolores quidem commodi quam. Aut ut dolorum alias sed.', 5, '2021-01-12 19:23:15', '2021-01-12 19:23:15'),
(99, 4, 'Dr. Lamont Kassulke', 'Ex consequatur aut dolores assumenda doloribus consequatur voluptas. Debitis atque vitae autem sit et. Soluta officiis ut ipsa tempora perspiciatis sequi. Nihil explicabo dolores natus voluptatem.', 5, '2021-01-12 19:23:15', '2021-01-12 19:23:15'),
(100, 15, 'Hank Beatty', 'Adipisci voluptatum est voluptas inventore non. Perferendis nemo illum amet nulla debitis est. Harum veniam aut reprehenderit id aut. Voluptates voluptatem magni animi eum non.', 0, '2021-01-12 19:23:15', '2021-01-12 19:23:15'),
(101, 1, 'Ms. Golda Eichmann', 'Amet incidunt a sunt autem est eaque. Ullam ducimus ipsam velit quasi temporibus animi ut. Nesciunt tempora maxime quaerat vitae minima est laborum ratione. Quibusdam fugiat eveniet eum saepe voluptatum consequatur repellendus aut.', 3, '2021-01-12 19:23:15', '2021-01-12 19:23:15'),
(102, 49, 'Mrs. Freeda Ritchie Sr.', 'Eos veniam veniam est et consequatur sapiente dolores. Fugiat voluptas atque ab ex voluptates. Dicta rerum incidunt perferendis maiores et. Et consequatur quibusdam aut dolore perferendis.', 5, '2021-01-12 19:23:15', '2021-01-12 19:23:15'),
(103, 20, 'Sydnee Rice', 'Esse deleniti perferendis sapiente fugit maiores. Deleniti quia quaerat magni ducimus qui. Aut non veniam voluptatem voluptas placeat enim qui.', 2, '2021-01-12 19:23:15', '2021-01-12 19:23:15'),
(104, 22, 'Lee O\'Conner Sr.', 'Doloremque impedit est in culpa nesciunt veniam sint ipsam. Quia repellat sint expedita consequatur adipisci qui dolorem. Repudiandae quo autem velit harum.', 2, '2021-01-12 19:23:15', '2021-01-12 19:23:15'),
(105, 7, 'Prof. Reece Rath I', 'Magnam nihil quibusdam sit aut ut quod. Vel est dolorem aut dolores eum. Doloribus excepturi odit dolorem. Et consectetur alias amet aut dolores.', 2, '2021-01-12 19:23:15', '2021-01-12 19:23:15'),
(106, 46, 'Austyn Welch', 'Explicabo dolor perspiciatis error omnis. Nemo reiciendis mollitia vitae quasi officia eum. Aut consequatur libero velit esse quas laboriosam et.', 4, '2021-01-12 19:23:15', '2021-01-12 19:23:15'),
(107, 41, 'Mr. Milton O\'Connell IV', 'Distinctio sapiente magnam maiores velit quam qui. Quia quis debitis ducimus dolorem. Molestiae autem vel nam velit at. Non voluptatibus odio officia.', 4, '2021-01-12 19:23:15', '2021-01-12 19:23:15'),
(108, 12, 'Mrs. Mya Bernier', 'Saepe et velit doloremque magnam necessitatibus non asperiores. Maxime fugit ipsa suscipit placeat hic. Neque dolorem magni placeat impedit. Et omnis officia excepturi esse.', 4, '2021-01-12 19:23:15', '2021-01-12 19:23:15'),
(109, 25, 'Tiana Bogan I', 'Sit dicta maxime dolores officia rerum quod. Quam neque recusandae dolorem eos omnis quasi eligendi voluptas. Totam omnis dolores voluptatem voluptatem eius architecto ab.', 3, '2021-01-12 19:23:15', '2021-01-12 19:23:15'),
(110, 16, 'Bridie Klein', 'Iusto distinctio quod aut illo. Aut rerum eum dolorem aspernatur recusandae qui. Inventore deleniti impedit et fuga. Laudantium molestiae porro eos nemo temporibus debitis.', 4, '2021-01-12 19:23:15', '2021-01-12 19:23:15'),
(111, 40, 'Hailie Wuckert', 'Eaque sunt unde dolores molestiae odio. Voluptas est veniam assumenda porro suscipit dolorem. Non harum aut dolore voluptatem consequatur eligendi.', 2, '2021-01-12 19:23:15', '2021-01-12 19:23:15'),
(112, 3, 'Marlen Weber', 'Consequatur et explicabo sit. Dolor similique accusamus ipsam. Laborum rerum non repellendus minima. Et qui dolores reprehenderit eveniet totam non beatae.', 1, '2021-01-12 19:23:15', '2021-01-12 19:23:15'),
(113, 40, 'Jace Osinski', 'Temporibus ab fugiat cumque suscipit culpa sunt quia. Quasi vero quaerat voluptates eos consequuntur. Et est sed nam quae omnis hic praesentium.', 0, '2021-01-12 19:23:15', '2021-01-12 19:23:15'),
(114, 37, 'Joshuah Bechtelar', 'Vitae quia dicta ut facere mollitia odit. Eligendi et officia facere dolore facilis consectetur. Possimus possimus quia sint ipsa sit neque. Dolorem rerum et rem consequatur asperiores et. Reiciendis quidem omnis asperiores eveniet quas iste vitae.', 4, '2021-01-12 19:23:15', '2021-01-12 19:23:15'),
(115, 23, 'Yvonne Prosacco', 'Corrupti ea sed animi in minima ex. Voluptas molestiae voluptas veniam dolorum corporis nostrum est. Molestias distinctio in eum facere ullam laboriosam accusamus. Non nemo quae maiores alias aut occaecati.', 5, '2021-01-12 19:23:15', '2021-01-12 19:23:15'),
(116, 17, 'Prof. Lila Bosco PhD', 'Repellendus animi aliquam ipsam amet. Repellendus optio ut laboriosam illum eveniet doloribus laboriosam. Hic vel quam ipsum. Ipsum ratione amet illo veritatis voluptate.', 0, '2021-01-12 19:23:15', '2021-01-12 19:23:15'),
(117, 46, 'Mr. Regan Hirthe', 'Fuga in odit quis officiis minima veniam sit. Deserunt sit ab sit eos. Ut est sed neque neque. Eveniet qui quaerat laboriosam odit modi laborum.', 5, '2021-01-12 19:23:15', '2021-01-12 19:23:15'),
(118, 21, 'Mark Kutch', 'Error alias est sunt enim provident totam ipsa. Distinctio consequatur corrupti unde qui qui inventore. Ex quaerat magni non unde quos et voluptas. Alias consequatur ipsum magni saepe reiciendis unde quo. Voluptatem consequuntur odit delectus rem at soluta maxime.', 2, '2021-01-12 19:23:15', '2021-01-12 19:23:15'),
(119, 32, 'Jerald Koch', 'Ratione fugiat ut repellat fugit. Neque ab repellat quis iste a eos.', 3, '2021-01-12 19:23:15', '2021-01-12 19:23:15'),
(120, 38, 'Jamaal Kuphal', 'Sunt molestiae cumque rerum eos optio nostrum commodi. Autem repellendus temporibus illo veritatis. Provident eveniet voluptas molestias saepe animi voluptates omnis. Ipsum dignissimos recusandae iure distinctio.', 3, '2021-01-12 19:23:15', '2021-01-12 19:23:15'),
(121, 3, 'Mr. Maximillian Collier', 'Autem odit tempore rerum voluptatum blanditiis rerum. Laboriosam dignissimos maiores magni dolorem. Laudantium nihil laboriosam voluptas molestiae rerum. Sequi saepe accusantium sit minus quod sint.', 3, '2021-01-12 19:23:15', '2021-01-12 19:23:15'),
(122, 38, 'Pink Yundt', 'Rerum cum quasi error quod esse. Velit sed nemo nam quo omnis quae ut. Facilis cumque dolorem ea quisquam.', 5, '2021-01-12 19:23:15', '2021-01-12 19:23:15'),
(123, 33, 'Chadrick Ziemann', 'Culpa doloribus sit ea non et ea repudiandae. Consequatur sint dolores placeat aspernatur sunt minima voluptas. Saepe culpa excepturi incidunt architecto quos qui dolores.', 2, '2021-01-12 19:23:15', '2021-01-12 19:23:15'),
(124, 8, 'Ova Wunsch V', 'Vero dolor error voluptatem harum eligendi aut. Quam perferendis tenetur aut quisquam facere molestiae. Error voluptatem quibusdam in nihil. Veniam harum maiores ea eius ut aut.', 5, '2021-01-12 19:23:15', '2021-01-12 19:23:15'),
(125, 47, 'Deshawn Weissnat', 'Exercitationem voluptas harum laboriosam reiciendis fugiat commodi dolores dolorem. Eius quia cumque est ullam. Doloremque quis sequi vel et nam. Sint cum tempore quibusdam.', 4, '2021-01-12 19:23:15', '2021-01-12 19:23:15'),
(126, 35, 'Jazmin Johns', 'Molestiae sapiente ut quibusdam debitis ut perspiciatis. Quo et nam eos ab ducimus voluptatem dolore. Tempore error vel non ut dolores ipsum aut.', 3, '2021-01-12 19:23:15', '2021-01-12 19:23:15'),
(127, 40, 'Mac Weber', 'Nisi molestiae velit qui sed voluptatem molestiae. Doloremque laudantium qui sed quasi sapiente quam et nisi. Sed quas voluptatibus ab quia ratione unde consequatur.', 4, '2021-01-12 19:23:15', '2021-01-12 19:23:15'),
(128, 14, 'Chaim Keeling', 'Fuga beatae veniam exercitationem animi labore. Similique rerum non autem fuga. Dolores dicta repudiandae in et enim rerum modi. Sed dolores dolores nihil et.', 2, '2021-01-12 19:23:15', '2021-01-12 19:23:15'),
(129, 19, 'Zachary Bernhard MD', 'Accusamus dolores sed aut veniam voluptas et. Molestiae voluptas veritatis a alias laboriosam porro voluptas. Eum est nihil sit dignissimos blanditiis inventore veniam.', 2, '2021-01-12 19:23:15', '2021-01-12 19:23:15'),
(130, 2, 'Junior Kuhn', 'Tempore maxime quia ipsa perspiciatis. Voluptate sint consequatur nisi minus quam expedita. Ratione fugiat neque ad ipsam voluptatem dignissimos nulla.', 0, '2021-01-12 19:23:15', '2021-01-12 19:23:15'),
(131, 6, 'Jarred Thiel', 'Amet exercitationem repudiandae eius sit aut tenetur. Iste et omnis molestias quod et voluptates voluptas. Error asperiores vel at sed ratione recusandae et deleniti. Voluptatem fuga voluptatem qui dolor.', 2, '2021-01-12 19:23:15', '2021-01-12 19:23:15'),
(132, 6, 'Dr. Gage Bauch MD', 'Voluptatem ex ut quidem. Omnis autem sed nisi iste voluptatem. Ipsum quod est fugit.', 0, '2021-01-12 19:23:15', '2021-01-12 19:23:15'),
(133, 23, 'Mr. Tate Dach DDS', 'Eveniet et fugiat fuga. Nostrum aliquid eum error ut. Autem fugiat architecto eaque doloribus deleniti velit quo velit. Nostrum beatae facere nemo quae.', 3, '2021-01-12 19:23:15', '2021-01-12 19:23:15'),
(134, 22, 'Quinten Homenick', 'Voluptas quisquam delectus sequi voluptatem ut. Quasi sapiente iste est hic dignissimos assumenda laborum officia. Consequuntur officia et voluptas sint. Tempora et molestiae suscipit iste enim sed optio.', 0, '2021-01-12 19:23:15', '2021-01-12 19:23:15'),
(135, 2, 'Prof. Maudie Weissnat Sr.', 'Praesentium ut voluptates in enim distinctio repellendus. Explicabo accusantium doloribus quia sint. Repellendus sunt qui laudantium in voluptatem rerum. Est reiciendis voluptatem placeat minus vitae quam doloribus.', 3, '2021-01-12 19:23:15', '2021-01-12 19:23:15'),
(136, 42, 'Mr. Ewell Hoppe II', 'Cum esse omnis consequuntur sed rerum autem consequatur voluptate. Aut quia sit nihil provident.', 1, '2021-01-12 19:23:15', '2021-01-12 19:23:15'),
(137, 34, 'Dr. Horacio Dare', 'Ex ipsam a est cumque dolorem eum. Nulla quam earum in libero veritatis et libero. Exercitationem et corporis eos similique. Velit alias ea accusamus itaque. Atque nesciunt hic aliquid commodi quae.', 2, '2021-01-12 19:23:15', '2021-01-12 19:23:15'),
(138, 4, 'Mr. Dagmar Gutkowski MD', 'Eaque deleniti modi placeat. Quae beatae sapiente quasi quia molestiae. Sit sit in quia eius dolores quo similique. Quasi nesciunt tenetur et et magnam ut.', 5, '2021-01-12 19:23:15', '2021-01-12 19:23:15'),
(139, 9, 'Bailey Goldner Sr.', 'Laudantium ex id dolore maiores provident id. Delectus non sit ratione fugit. Ipsum et facilis provident et eveniet ipsam ut. Sequi perferendis illo consequuntur perferendis soluta voluptates repellat.', 4, '2021-01-12 19:23:15', '2021-01-12 19:23:15'),
(140, 27, 'Raphaelle Steuber', 'Dignissimos qui neque illo ut et. Reprehenderit ut iusto cupiditate non. Ipsam ut accusantium dolores qui dolorem.', 5, '2021-01-12 19:23:15', '2021-01-12 19:23:15'),
(141, 19, 'Joelle Frami', 'Incidunt consequatur sint et deleniti et tempora. Aut odit voluptatum accusamus aperiam. Commodi sapiente molestias et odit nihil quis autem.', 3, '2021-01-12 19:23:15', '2021-01-12 19:23:15'),
(142, 31, 'Scotty Erdman', 'Sint voluptas temporibus aliquid impedit. Repellat voluptate sapiente itaque. Numquam non accusantium dolore sit dolorum nulla voluptatum. Id optio dolores maxime nemo cupiditate.', 2, '2021-01-12 19:23:15', '2021-01-12 19:23:15'),
(143, 12, 'Prince Kessler Jr.', 'Qui sunt excepturi dolores iste sequi. Dolores itaque et fugit aperiam aspernatur voluptates quae. Nulla eum inventore ut voluptatem. Sunt unde ut quis.', 1, '2021-01-12 19:23:15', '2021-01-12 19:23:15'),
(144, 15, 'Elsa Walker', 'Nesciunt nemo sint nobis blanditiis at asperiores debitis. Hic numquam similique sed neque accusantium blanditiis et. Modi fugit optio sed repellat voluptas occaecati omnis.', 3, '2021-01-12 19:23:15', '2021-01-12 19:23:15'),
(145, 36, 'Prof. Hailie Turcotte', 'Molestias quasi et exercitationem dolore eius libero qui ut. Eligendi rerum molestiae aut perspiciatis atque sed. Fuga non aut neque. Ut esse tenetur molestiae magni corporis. Aut dignissimos qui voluptatem autem.', 1, '2021-01-12 19:23:15', '2021-01-12 19:23:15'),
(146, 19, 'Nicole Rice', 'Aut ducimus aut voluptas praesentium non. Rem qui deserunt fugit aut facilis sunt. Soluta et commodi in commodi.', 3, '2021-01-12 19:23:15', '2021-01-12 19:23:15'),
(147, 6, 'Violet Dietrich', 'Et voluptas a reprehenderit odio aut provident corporis voluptatibus. Qui ut error aliquid aliquam. Laboriosam aliquid omnis dolore ad natus nostrum at velit. Nobis ut tempore aut molestiae culpa id.', 4, '2021-01-12 19:23:15', '2021-01-12 19:23:15'),
(148, 44, 'Austin Rau', 'A sapiente possimus nostrum minus. Est voluptates ut nulla quam sed. Fugiat nam soluta totam numquam reprehenderit nisi laboriosam.', 4, '2021-01-12 19:23:15', '2021-01-12 19:23:15'),
(149, 6, 'Kaitlyn Ankunding', 'Nulla magnam nihil minima veritatis alias. Eius temporibus suscipit facere. Ullam et consectetur magnam qui.', 2, '2021-01-12 19:23:15', '2021-01-12 19:23:15'),
(150, 17, 'Johnathan Ritchie', 'Ut quas et velit voluptas aspernatur et. Qui dolor voluptas rem esse est sit. Officiis nam asperiores voluptatum et placeat rerum.', 2, '2021-01-12 19:23:15', '2021-01-12 19:23:15'),
(151, 1, 'Cristal Ward MD', 'Omnis et repellendus sed quo consequatur. Rerum porro suscipit eaque facere aut. Ullam exercitationem sapiente perferendis aspernatur fugit.', 5, '2021-01-12 19:23:15', '2021-01-12 19:23:15'),
(152, 27, 'Miss Audra Purdy', 'Vel molestias et sed dolorum. Soluta omnis et ipsam dolorum rerum consequatur.', 0, '2021-01-12 19:23:15', '2021-01-12 19:23:15'),
(153, 13, 'Lorna Cormier', 'Ab repudiandae quia aut sed maxime doloribus. Natus sunt voluptatem quae fuga. Quos quia iusto nihil nesciunt.', 3, '2021-01-12 19:23:15', '2021-01-12 19:23:15'),
(154, 18, 'Lizeth Cremin', 'Quis aut qui iusto consequuntur. Ut velit et a aut ea nam. Rerum non et veniam vel. Unde velit exercitationem impedit minus repudiandae.', 4, '2021-01-12 19:23:15', '2021-01-12 19:23:15'),
(155, 21, 'Erick Larson', 'Aut vero eum aliquam magnam repellat necessitatibus. Qui voluptas at natus. Et minima harum dolorem hic.', 1, '2021-01-12 19:23:15', '2021-01-12 19:23:15'),
(156, 44, 'Lucinda Schaden', 'Eum ipsa delectus nemo est. Aut saepe omnis sequi ad nostrum nihil. Eos deleniti ut corrupti totam harum et qui. Similique dolor delectus expedita.', 4, '2021-01-12 19:23:15', '2021-01-12 19:23:15'),
(157, 8, 'Miss Everette Schneider III', 'Ipsum est et laborum quam tenetur aut. Qui neque sed pariatur maiores et autem ad. Corrupti qui quas id cum.', 1, '2021-01-12 19:23:15', '2021-01-12 19:23:15'),
(158, 39, 'Vada Kautzer', 'Est dignissimos ipsa nihil et debitis eum unde. Aut quis sint nemo ea quae. Similique vel velit perspiciatis id quasi maxime. Non est necessitatibus consectetur cum magnam.', 0, '2021-01-12 19:23:15', '2021-01-12 19:23:15'),
(159, 23, 'Prof. Domingo Hartmann', 'Voluptatem aliquid quam deleniti sunt officia eum blanditiis. Reiciendis dolor deserunt illo sit perferendis. Distinctio saepe totam eligendi aspernatur labore qui optio. Modi aut et sed quos est laborum necessitatibus ullam.', 4, '2021-01-12 19:23:15', '2021-01-12 19:23:15'),
(160, 8, 'Mr. Lexus Koss', 'Tempora consectetur aut corrupti adipisci unde est impedit. Ducimus dolor quis ea a praesentium.', 3, '2021-01-12 19:23:15', '2021-01-12 19:23:15'),
(161, 39, 'Prof. Kelley Wuckert Sr.', 'Ratione est molestiae voluptatum incidunt. Sed officiis quis molestiae quidem tenetur ut. Velit error molestias quis est. Placeat recusandae qui veniam sunt sunt id.', 1, '2021-01-12 19:23:15', '2021-01-12 19:23:15'),
(162, 45, 'Jeremy Rau', 'Placeat blanditiis distinctio ratione. Veritatis explicabo magnam est non nesciunt. Quod et accusantium magnam dolorum fugiat aut ut. Molestias tenetur totam et ab temporibus.', 1, '2021-01-12 19:23:15', '2021-01-12 19:23:15'),
(163, 4, 'Jules Balistreri', 'Magnam laudantium voluptas nesciunt est voluptatibus libero. Facere impedit qui dolore similique non porro. Quod eius officiis et incidunt.', 2, '2021-01-12 19:23:15', '2021-01-12 19:23:15'),
(164, 39, 'Albertha Roob', 'Ut quo dolorem quia repellendus ea et fugiat. Nihil porro reiciendis cumque omnis qui qui cumque.', 1, '2021-01-12 19:23:15', '2021-01-12 19:23:15'),
(165, 37, 'Mathew Miller', 'Tempora corrupti quia dolor aliquam. Aliquid iusto saepe explicabo sed voluptas velit earum veritatis. Aut voluptatum veniam magnam qui. Omnis quo at eum dolore at.', 3, '2021-01-12 19:23:15', '2021-01-12 19:23:15'),
(166, 35, 'Adele Oberbrunner', 'Repellat fugit quidem est quos est. Quia architecto nisi esse officiis saepe. Voluptatibus ipsa voluptatum aut maxime et qui. Repellat adipisci voluptas molestiae eius neque.', 2, '2021-01-12 19:23:15', '2021-01-12 19:23:15'),
(167, 15, 'Mrs. Raina Veum IV', 'Laborum et consectetur sequi porro. Natus veritatis praesentium facere ut aliquam est. Placeat sunt quidem voluptas accusantium maiores. Totam quia dolorem debitis cupiditate.', 3, '2021-01-12 19:23:15', '2021-01-12 19:23:15'),
(168, 34, 'Mr. Lorenzo Huel', 'Ad provident sit soluta corporis. Laudantium fugiat voluptas vel et consectetur et. Quos velit id delectus repellendus sunt. Qui ratione ratione aut nemo dolor ipsam est.', 5, '2021-01-12 19:23:15', '2021-01-12 19:23:15'),
(169, 33, 'Addie Hintz', 'Ad atque error a inventore quaerat. Quae ullam nisi aspernatur sed. Ad distinctio sunt nostrum eum et autem. Molestiae voluptatibus et velit qui nostrum dicta eos.', 5, '2021-01-12 19:23:15', '2021-01-12 19:23:15'),
(170, 36, 'Prof. Cullen Christiansen Sr.', 'Dolor laboriosam et cum. Corrupti excepturi vel voluptatum omnis asperiores quis. Ipsum et omnis laudantium debitis optio sunt explicabo.', 5, '2021-01-12 19:23:15', '2021-01-12 19:23:15'),
(171, 9, 'Winfield Shields', 'Tempora et nostrum amet voluptates et accusamus. Id ut modi vitae et suscipit a. Ex placeat atque dicta necessitatibus cumque incidunt rerum. Voluptatibus adipisci omnis suscipit iure distinctio et temporibus sequi.', 3, '2021-01-12 19:23:15', '2021-01-12 19:23:15'),
(172, 44, 'Clara Hirthe', 'Occaecati dolor eos aut pariatur. Quis voluptatem sunt qui in impedit quia aut. Perferendis sit qui et adipisci assumenda laboriosam voluptas. Doloribus ea quos rerum.', 1, '2021-01-12 19:23:15', '2021-01-12 19:23:15'),
(173, 41, 'Winifred Reynolds', 'Sunt nostrum qui sint et. Ratione et et ut omnis. Accusantium eos illum non exercitationem commodi optio iure illo.', 0, '2021-01-12 19:23:15', '2021-01-12 19:23:15'),
(174, 50, 'Sam Rolfson', 'Sit sed ad consequuntur optio harum voluptatibus aut. Autem doloribus quis ullam nam. Suscipit porro et eum ipsa et et.', 2, '2021-01-12 19:23:15', '2021-01-12 19:23:15'),
(175, 34, 'Prof. Gail Cummerata', 'Dolorem illo autem quis eligendi recusandae. Nostrum maiores accusantium earum voluptatem sed ut. Ex iure consequuntur eligendi animi unde.', 3, '2021-01-12 19:23:15', '2021-01-12 19:23:15'),
(176, 9, 'Angeline Ruecker', 'Et quis numquam et aperiam consectetur harum. Aspernatur hic iure cum ut non pariatur. Ea repellat impedit ratione minus.', 0, '2021-01-12 19:23:15', '2021-01-12 19:23:15'),
(177, 2, 'Prof. Napoleon Halvorson V', 'Aspernatur dolor soluta aspernatur omnis atque dolorem eveniet. Dolores hic architecto reprehenderit sit perspiciatis perferendis occaecati qui. Voluptate quibusdam quia quos pariatur consequatur illo.', 3, '2021-01-12 19:23:15', '2021-01-12 19:23:15'),
(178, 33, 'Hazel Zemlak', 'Quos earum est ut culpa doloremque earum minima. Ipsum ipsa sapiente non cum ex ut. Harum nisi voluptates non nesciunt inventore. Magnam consequatur vel asperiores commodi.', 1, '2021-01-12 19:23:15', '2021-01-12 19:23:15'),
(179, 7, 'Shirley Torp', 'Similique odit sequi exercitationem autem. Et autem dolore voluptatum vel accusamus ab omnis. Odio molestias ducimus molestias fuga veniam. Asperiores labore cupiditate ut quis cum commodi qui.', 1, '2021-01-12 19:23:15', '2021-01-12 19:23:15'),
(180, 21, 'Jaleel Bergstrom I', 'Quisquam quisquam sed voluptatem aut suscipit. Magni qui nostrum qui tempore. Repellat explicabo molestiae dolores iure dolorem. Itaque unde ut rem quos dolor.', 1, '2021-01-12 19:23:15', '2021-01-12 19:23:15'),
(181, 1, 'Ubaldo Abernathy', 'Repudiandae itaque sapiente sit nostrum officia velit. Omnis explicabo itaque deleniti eligendi nulla eligendi. Quibusdam rerum pariatur dolore et perspiciatis.', 4, '2021-01-12 19:23:15', '2021-01-12 19:23:15'),
(182, 47, 'Prof. Timmothy Brekke', 'Est qui nulla est enim quo sint. A id nisi tempore qui voluptas eveniet. Aut voluptatum voluptas quo autem facere aperiam rerum. Officiis vel temporibus expedita error quibusdam facere.', 4, '2021-01-12 19:23:15', '2021-01-12 19:23:15'),
(183, 40, 'Davin Hintz', 'Placeat qui fuga iure vel quibusdam. Nihil qui dicta consequatur.', 4, '2021-01-12 19:23:15', '2021-01-12 19:23:15'),
(184, 27, 'Albina Huel', 'Voluptas accusamus consectetur consequuntur labore. Eaque ut velit explicabo id aperiam. Eligendi doloribus praesentium quis. Hic quasi exercitationem molestiae aut sit veritatis molestiae.', 1, '2021-01-12 19:23:15', '2021-01-12 19:23:15'),
(185, 10, 'Emmitt Roberts', 'Fuga alias accusamus dolore rerum odit eum doloremque. Soluta ea nobis impedit quisquam eius. Eius eos est voluptates id quas perferendis odio fugit.', 1, '2021-01-12 19:23:15', '2021-01-12 19:23:15'),
(186, 2, 'Dr. Alessia Farrell', 'Et error maiores labore ut magnam. Nobis sit consequatur excepturi quo beatae velit veritatis. Provident quae quia eum harum consectetur ratione odio. Inventore cumque laudantium ipsam nobis dolores veniam voluptatem.', 5, '2021-01-12 19:23:15', '2021-01-12 19:23:15'),
(187, 46, 'Dr. Trudie McCullough', 'Aut eligendi sunt numquam rerum tempora recusandae non. Explicabo unde consequatur dolores sapiente laborum. Suscipit rem atque ratione nam quae nulla.', 5, '2021-01-12 19:23:15', '2021-01-12 19:23:15'),
(188, 50, 'Demarcus Will', 'Ratione ipsa alias officiis incidunt eaque. Rerum enim beatae iusto cumque iste. Facere quas quod dolor a.', 1, '2021-01-12 19:23:15', '2021-01-12 19:23:15'),
(189, 39, 'Prof. Moriah Will I', 'Sapiente dolor labore et fugit. Ea earum voluptatibus impedit accusantium architecto adipisci. Laborum totam qui qui quia repudiandae eum nihil.', 3, '2021-01-12 19:23:15', '2021-01-12 19:23:15'),
(190, 33, 'Shanelle Thiel', 'Nihil aut tempora id. Asperiores alias et et laborum sint ut quia. Ipsam ullam qui id aut beatae cupiditate. Vitae non laudantium maxime voluptatem numquam et.', 0, '2021-01-12 19:23:15', '2021-01-12 19:23:15'),
(191, 6, 'Tremaine Lind', 'Et sed earum aperiam aut. Eaque beatae error ab iusto ipsum. Quis similique non exercitationem voluptates rerum.', 4, '2021-01-12 19:23:15', '2021-01-12 19:23:15'),
(192, 26, 'Prof. Patricia Trantow', 'Aut ab et et consectetur odio. Sit adipisci itaque aliquam. Itaque perferendis veniam id beatae illo quam ut quas. Nihil et autem laboriosam doloribus.', 5, '2021-01-12 19:23:15', '2021-01-12 19:23:15'),
(193, 45, 'Mr. Alexie Morar Jr.', 'Quia nobis vero rerum quis quibusdam. Quod minus similique culpa soluta qui vel. Eos aut autem ipsam rerum odio voluptates doloremque pariatur.', 2, '2021-01-12 19:23:15', '2021-01-12 19:23:15'),
(194, 27, 'Miss Aniyah Bosco', 'Adipisci ut occaecati voluptas. Non itaque facilis eos sequi magni ipsam et est. Aut non non beatae quos. Nulla sequi magni laudantium delectus fuga occaecati rem doloribus.', 5, '2021-01-12 19:23:15', '2021-01-12 19:23:15'),
(195, 16, 'Mr. Austyn Glover Jr.', 'Sit dolore ut id et vero atque inventore. Aut consequatur voluptatem laudantium accusamus voluptas. Sit voluptatem illo nihil id. Et quia aut nulla sapiente est non.', 4, '2021-01-12 19:23:15', '2021-01-12 19:23:15'),
(196, 6, 'Prof. Kenny Nienow', 'Distinctio modi velit consequatur eos sint nihil perspiciatis. Eveniet itaque maiores officiis aut deleniti nobis architecto et. Neque assumenda at illum iure doloremque commodi.', 1, '2021-01-12 19:23:15', '2021-01-12 19:23:15'),
(197, 24, 'Turner Quigley DVM', 'Dolore dicta aut dolor sed possimus. Fugiat adipisci quia et et. Facilis consequuntur consequatur nam maiores dolorem. Ipsa possimus facere sed dolorem consectetur ipsum.', 0, '2021-01-12 19:23:15', '2021-01-12 19:23:15'),
(198, 22, 'Mrs. Lela Braun I', 'Dolorem ullam occaecati libero expedita voluptatum numquam. Provident minima inventore laborum mollitia. Occaecati harum consequuntur non quibusdam excepturi. Nisi aut praesentium sit. Quam et occaecati aspernatur.', 5, '2021-01-12 19:23:15', '2021-01-12 19:23:15'),
(199, 34, 'Bobbie Jaskolski DVM', 'Eum sunt consequatur porro. Iusto quia architecto fuga dolores quis aut possimus. Et est numquam numquam deleniti ad aspernatur. Ea esse asperiores cumque odit quo. Optio voluptas aut consequatur quam.', 3, '2021-01-12 19:23:15', '2021-01-12 19:23:15'),
(200, 6, 'Harrison Lindgren Sr.', 'Voluptates animi et quia molestias. Iste qui saepe qui enim temporibus. Laboriosam dignissimos eos adipisci omnis.', 5, '2021-01-12 19:23:15', '2021-01-12 19:23:15'),
(201, 49, 'Sebastian', 'Best', 4, '2021-01-13 09:48:27', '2021-01-13 09:48:27');

-- --------------------------------------------------------

--
-- Table structure for table `users`
--

CREATE TABLE `users` (
  `id` int(10) UNSIGNED NOT NULL,
  `name` varchar(255) COLLATE utf8mb4_unicode_ci NOT NULL,
  `email` varchar(255) COLLATE utf8mb4_unicode_ci NOT NULL,
  `password` varchar(255) COLLATE utf8mb4_unicode_ci NOT NULL,
  `remember_token` varchar(100) COLLATE utf8mb4_unicode_ci DEFAULT NULL,
  `created_at` timestamp NULL DEFAULT NULL,
  `updated_at` timestamp NULL DEFAULT NULL
) ENGINE=InnoDB DEFAULT CHARSET=utf8mb4 COLLATE=utf8mb4_unicode_ci;

--
-- Dumping data for table `users`
--

INSERT INTO `users` (`id`, `name`, `email`, `password`, `remember_token`, `created_at`, `updated_at`) VALUES
(1, 'Hester Jakubowski', 'prince.kohler@example.com', '$2y$10$92IXUNpkjO0rOQ5byMi.Ye4oKoEa3Ro9llC/.og/at2.uheWG/igi', 'h2wJwFGGuk', '2021-01-12 19:23:14', '2021-01-12 19:23:14'),
(2, 'Zoey Kling DVM', 'eichmann.aditya@example.org', '$2y$10$92IXUNpkjO0rOQ5byMi.Ye4oKoEa3Ro9llC/.og/at2.uheWG/igi', 'zzaWt2UzyR', '2021-01-12 19:23:14', '2021-01-12 19:23:14'),
(3, 'Andreanne Weber', 'zwill@example.net', '$2y$10$92IXUNpkjO0rOQ5byMi.Ye4oKoEa3Ro9llC/.og/at2.uheWG/igi', 'ZTuBFm9BIX', '2021-01-12 19:23:14', '2021-01-12 19:23:14'),
(4, 'Mason Waelchi', 'bfeil@example.net', '$2y$10$92IXUNpkjO0rOQ5byMi.Ye4oKoEa3Ro9llC/.og/at2.uheWG/igi', 'ZtaSS8QQfW', '2021-01-12 19:23:14', '2021-01-12 19:23:14'),
(5, 'Ms. Ethelyn Maggio', 'nikki.labadie@example.com', '$2y$10$92IXUNpkjO0rOQ5byMi.Ye4oKoEa3Ro9llC/.og/at2.uheWG/igi', 'V8cmogdqaL', '2021-01-12 19:23:14', '2021-01-12 19:23:14'),
(6, 'Sebastian', 'girz.sebastiannicolae@gmail.com', '$2y$10$dRr0WwCs8XnVjsypr2E5je7/sV1qAjmMXFHZzJ2yUpfiltxUy6WQW', NULL, '2021-01-13 09:28:31', '2021-01-13 09:28:31');

--
-- Indexes for dumped tables
--

--
-- Indexes for table `failed_jobs`
--
ALTER TABLE `failed_jobs`
  ADD PRIMARY KEY (`id`),
  ADD UNIQUE KEY `failed_jobs_uuid_unique` (`uuid`);

--
-- Indexes for table `migrations`
--
ALTER TABLE `migrations`
  ADD PRIMARY KEY (`id`);

--
-- Indexes for table `oauth_access_tokens`
--
ALTER TABLE `oauth_access_tokens`
  ADD PRIMARY KEY (`id`),
  ADD KEY `oauth_access_tokens_user_id_index` (`user_id`);

--
-- Indexes for table `oauth_auth_codes`
--
ALTER TABLE `oauth_auth_codes`
  ADD PRIMARY KEY (`id`),
  ADD KEY `oauth_auth_codes_user_id_index` (`user_id`);

--
-- Indexes for table `oauth_clients`
--
ALTER TABLE `oauth_clients`
  ADD PRIMARY KEY (`id`),
  ADD KEY `oauth_clients_user_id_index` (`user_id`);

--
-- Indexes for table `oauth_personal_access_clients`
--
ALTER TABLE `oauth_personal_access_clients`
  ADD PRIMARY KEY (`id`);

--
-- Indexes for table `oauth_refresh_tokens`
--
ALTER TABLE `oauth_refresh_tokens`
  ADD PRIMARY KEY (`id`),
  ADD KEY `oauth_refresh_tokens_access_token_id_index` (`access_token_id`);

--
-- Indexes for table `password_resets`
--
ALTER TABLE `password_resets`
  ADD KEY `password_resets_email_index` (`email`);

--
-- Indexes for table `products`
--
ALTER TABLE `products`
  ADD PRIMARY KEY (`id`),
  ADD KEY `products_user_id_index` (`user_id`);

--
-- Indexes for table `reviews`
--
ALTER TABLE `reviews`
  ADD PRIMARY KEY (`id`),
  ADD KEY `reviews_product_id_index` (`product_id`);

--
-- Indexes for table `users`
--
ALTER TABLE `users`
  ADD PRIMARY KEY (`id`),
  ADD UNIQUE KEY `users_email_unique` (`email`);

--
-- AUTO_INCREMENT for dumped tables
--

--
-- AUTO_INCREMENT for table `failed_jobs`
--
ALTER TABLE `failed_jobs`
  MODIFY `id` bigint(20) UNSIGNED NOT NULL AUTO_INCREMENT;

--
-- AUTO_INCREMENT for table `migrations`
--
ALTER TABLE `migrations`
  MODIFY `id` int(10) UNSIGNED NOT NULL AUTO_INCREMENT, AUTO_INCREMENT=71;

--
-- AUTO_INCREMENT for table `oauth_clients`
--
ALTER TABLE `oauth_clients`
  MODIFY `id` bigint(20) UNSIGNED NOT NULL AUTO_INCREMENT, AUTO_INCREMENT=3;

--
-- AUTO_INCREMENT for table `oauth_personal_access_clients`
--
ALTER TABLE `oauth_personal_access_clients`
  MODIFY `id` bigint(20) UNSIGNED NOT NULL AUTO_INCREMENT, AUTO_INCREMENT=2;

--
-- AUTO_INCREMENT for table `products`
--
ALTER TABLE `products`
  MODIFY `id` int(10) UNSIGNED NOT NULL AUTO_INCREMENT, AUTO_INCREMENT=51;

--
-- AUTO_INCREMENT for table `reviews`
--
ALTER TABLE `reviews`
  MODIFY `id` int(10) UNSIGNED NOT NULL AUTO_INCREMENT, AUTO_INCREMENT=202;

--
-- AUTO_INCREMENT for table `users`
--
ALTER TABLE `users`
  MODIFY `id` int(10) UNSIGNED NOT NULL AUTO_INCREMENT, AUTO_INCREMENT=7;

--
-- Constraints for dumped tables
--

--
-- Constraints for table `products`
--
ALTER TABLE `products`
  ADD CONSTRAINT `products_user_id_foreign` FOREIGN KEY (`user_id`) REFERENCES `users` (`id`);

--
-- Constraints for table `reviews`
--
ALTER TABLE `reviews`
  ADD CONSTRAINT `reviews_product_id_foreign` FOREIGN KEY (`product_id`) REFERENCES `products` (`id`) ON DELETE CASCADE;
COMMIT;

/*!40101 SET CHARACTER_SET_CLIENT=@OLD_CHARACTER_SET_CLIENT */;
/*!40101 SET CHARACTER_SET_RESULTS=@OLD_CHARACTER_SET_RESULTS */;
/*!40101 SET COLLATION_CONNECTION=@OLD_COLLATION_CONNECTION */;
